날짜,시가,고가,저가,종가,거래량
2015-06-25,9390,12210,9145,12210,2553115
2015-06-26,12980,15795,12165,14705,2679252
2015-06-29,13680,14530,11675,11760,735195
2015-06-30,11800,13925,11515,12335,699379
2015-07-01,12405,13025,11915,12580,286746
2015-07-02,12570,12735,11880,12050,217239
2015-07-03,11920,14130,11800,13480,314285
2015-07-06,13100,13920,12695,12905,128398
2015-07-07,13270,13310,11960,12375,91556
2015-07-08,12240,12530,11060,11355,120607
2015-07-09,11430,11550,9875,11025,164717
2015-07-10,11020,11185,10450,10455,70561
2015-07-13,10535,10655,10250,10415,51311
2015-07-14,10570,11020,10365,10535,76416
2015-07-15,10615,10615,10125,10130,61954
2015-07-16,10040,10615,9795,10535,80843
2015-07-17,10410,10650,10160,10455,72585
2015-07-20,11095,11670,10775,11190,192451
2015-07-21,11105,11350,10780,11270,62878
2015-07-22,11265,11345,11020,11190,56263
2015-07-23,11025,11230,10860,10905,32261
2015-07-24,10900,11105,10690,10700,35581
2015-07-27,10815,10860,9635,9640,127284
2015-07-28,9344,9510,8655,8985,146220
2015-07-29,9265,9510,8980,8985,65145
2015-07-30,9020,9180,8775,8985,43093
2015-07-31,9015,9265,8980,9230,24504
2015-08-03,9225,9310,8940,8945,32264
2015-08-04,8985,9674,8900,9435,70327
2015-08-05,9430,9555,9225,9270,33965
2015-08-06,9345,9510,9185,9270,30790
2015-08-07,9180,9265,9060,9150,33204
2015-08-10,9145,9145,8855,9025,32586
2015-08-11,9015,9180,8775,8865,51821
2015-08-12,8735,8855,8090,8495,85135
2015-08-13,8325,8610,8285,8575,40345
2015-08-17,8570,8655,8325,8415,31051
2015-08-18,8405,8490,8080,8170,29786
2015-08-19,8105,8105,7475,7515,47907
2015-08-20,7430,7590,7185,7350,32062
2015-08-21,6935,7100,6295,6740,61970
2015-08-24,6370,6800,6065,6135,64414
2015-08-25,6170,6675,6160,6475,59329
2015-08-26,6585,6855,6470,6780,71583
2015-08-27,6775,7775,6775,7350,92876
2015-08-28,7350,7675,7230,7400,82435
2015-08-31,7390,7470,7090,7155,61895
2015-09-01,7145,9270,7145,9270,917547
2015-09-02,9015,9755,8570,8905,890420
2015-09-03,8940,9270,8615,9105,526882
2015-09-04,8940,9105,7760,7770,459289
2015-09-07,7755,7920,7185,7350,308590
2015-09-08,7355,7430,7020,7025,131446
2015-09-09,7165,7625,7165,7425,242665
2015-09-10,7350,7680,7305,7515,163890
2015-09-11,7425,7630,7410,7435,97855
2015-09-14,7565,8140,7510,7890,235599
2015-09-15,8000,8615,7990,8330,375821
2015-09-16,8285,8325,8065,8210,146311
2015-09-17,8325,8690,8125,8150,190260
2015-09-18,8240,8445,7770,7825,291837
2015-09-21,7870,7880,7730,7815,80698
2015-09-22,7855,7960,7585,7670,126156
2015-09-23,7665,7795,7315,7350,123033
2015-09-24,7420,7585,7325,7465,62032
2015-09-25,7485,7525,7350,7410,27725
2015-09-30,7390,7405,7250,7325,27374
2015-10-01,7320,7460,7320,7345,33737
2015-10-02,7355,7490,7345,7365,22669
2015-10-05,7395,7660,7395,7540,40952
2015-10-06,7625,7625,7345,7505,62253
2015-10-07,7470,7745,7330,7590,52595
2015-10-08,7605,8165,7510,7835,96585
2015-10-12,7880,7880,7635,7735,33487
2015-10-13,7715,7835,7605,7645,73267
2015-10-14,7750,7750,7575,7645,17368
2015-10-15,7635,7725,7585,7725,23402
2015-10-16,7825,7825,7600,7785,27366
2015-10-19,7820,7820,7510,7570,45022
2015-10-20,7565,7600,7435,7570,12300
2015-10-21,7575,7590,7425,7525,29203
2015-10-22,7515,7515,7310,7410,21399
2015-10-23,7400,7425,7260,7385,40395
2015-10-26,7365,7420,7275,7295,28412
2015-10-27,7305,7715,7305,7435,48233
2015-10-28,7490,7575,7400,7410,22529
2015-10-29,7440,7470,7350,7415,20096
2015-10-30,7430,7470,7315,7375,18684
2015-11-02,7300,7470,7260,7325,27604
2015-11-03,7265,7580,7265,7515,37099
2015-11-04,7555,7555,7395,7450,13108
2015-11-05,7435,7490,7365,7480,18954
2015-11-06,7445,7560,7360,7500,49152
2015-11-09,7590,7675,7445,7505,35811
2015-11-10,7490,7725,7390,7735,59970
2015-11-11,7765,8450,7765,7860,317533
2015-11-12,7855,7930,7635,7645,61327
2015-11-13,7565,7885,7510,7720,61168
2015-11-16,7610,7790,7585,7685,28694
2015-11-17,7650,8000,7650,7880,55774
2015-11-18,7955,7955,7770,7825,39291
2015-11-19,7835,7980,7725,7775,22873
2015-11-20,7775,7860,7680,7750,17378
2015-11-23,7760,7760,7600,7660,29492
2015-11-24,7655,7885,7655,7860,33006
2015-11-25,7975,7985,7750,7800,59754
2015-11-26,7875,9425,7875,8290,488346
2015-11-27,8570,8570,8000,8170,192305
2015-11-30,8405,8610,8140,8250,212205
2015-12-01,8370,8735,8285,8700,251882
2015-12-02,8610,8695,8160,8290,139744
2015-12-03,8115,8325,8050,8130,84066
2015-12-04,8000,8405,8000,8130,114756
2015-12-07,8125,8280,8040,8130,67164
2015-12-08,8285,8285,8005,8290,92599
2015-12-09,8325,8850,8240,8455,184796
2015-12-10,8325,8490,8030,8210,93551
2015-12-11,8065,8240,7510,7925,99502
2015-12-14,7730,7730,7265,7350,81639
2015-12-15,7160,7430,7115,7190,51557
2015-12-16,7510,7695,7415,7450,47364
2015-12-17,7445,7660,7405,7490,35724
2015-12-18,7555,7555,7265,7350,38032
2015-12-21,7275,7395,7275,7350,43682
2015-12-22,7350,7385,7165,7255,42240
2015-12-23,7250,7390,7250,7350,41682
2015-12-24,7355,7390,7260,7320,34169
2015-12-28,7390,7390,7260,7295,31383
2015-12-29,7180,7285,7180,7260,18470
2015-12-30,7275,7280,7190,7270,16365
2016-01-04,7265,7350,7080,7140,36711
2016-01-05,6925,7135,6925,7000,40292
2016-01-06,6970,7185,6970,7100,34581
2016-01-07,7270,8000,7140,7475,213981
2016-01-08,7260,7440,7165,7310,52056
2016-01-11,7205,7350,7150,7165,24668
2016-01-12,7195,7305,7135,7230,33861
2016-01-13,7100,7220,6955,7065,65856
2016-01-14,6935,7020,6790,6830,33783
2016-01-15,6865,7135,6865,6900,36597
2016-01-18,6945,6945,6710,6730,38129
2016-01-19,6675,6850,6610,6830,23988
2016-01-20,6825,6825,6355,6470,52066
2016-01-21,6275,6455,6275,6355,52712
2016-01-22,6380,6555,6255,6470,27840
2016-01-25,6465,6575,6375,6535,16439
2016-01-26,6445,6575,6370,6395,29460
2016-01-27,6390,6495,6280,6420,15189
2016-01-28,6415,6655,6370,6510,11630
2016-01-29,6560,6560,6455,6565,9283
2016-02-01,6610,6695,6445,6560,12419
2016-02-02,6600,6690,6440,6535,34831
2016-02-03,6595,6595,6395,6460,8827
2016-02-04,6370,6610,6325,6560,36504
2016-02-05,6550,6570,6505,6565,23314
2016-02-11,6445,6560,6205,6205,32901
2016-02-12,6050,6325,5800,5970,79350
2016-02-15,5970,6270,5955,6060,35319
2016-02-16,5985,6280,5985,6290,32626
2016-02-17,6270,6485,6160,6265,55977
2016-02-18,6325,6425,6205,6345,42554
2016-02-19,6350,6410,6270,6290,18501
2016-02-22,6295,6465,6235,6370,12669
2016-02-23,6370,6435,6300,6345,14734
2016-02-24,6480,6480,6300,6430,13436
2016-02-25,6420,6735,6420,6680,50282
2016-02-26,6675,6775,6625,6715,31107
2016-02-29,6695,6770,6445,6780,52169
2016-03-02,6830,6835,6735,6845,48363
2016-03-03,6795,6970,6770,6945,51355
2016-03-04,6955,6970,6755,6960,55402
2016-03-07,7070,7070,6855,6885,22247
2016-03-08,6920,7180,6895,7105,67394
2016-03-09,7100,7205,6970,7205,44337
2016-03-10,7200,7225,7065,7170,38755
2016-03-11,7165,7175,6665,7170,31743
2016-03-14,7200,7255,6960,7130,18223
2016-03-15,7125,7240,7055,7140,19504
2016-03-16,7130,7205,7040,7100,24929
2016-03-17,7090,7120,6975,7125,45659
2016-03-18,7130,7130,7035,7125,25734
2016-03-21,7135,7190,7050,7130,17016
2016-03-22,7070,7145,7015,7125,22264
2016-03-23,7160,7160,6935,6990,42777
2016-03-24,6980,6980,6645,6785,60826
2016-03-25,6785,6825,6610,6805,35949
2016-03-28,6720,6935,6720,6920,27760
2016-03-29,6910,6995,6840,6945,23021
2016-03-30,6980,6980,6810,6985,22117
2016-03-31,6980,6985,6870,6975,17764
2016-04-01,6970,7065,6880,6985,36115
2016-04-04,7015,7575,6975,7345,103557
2016-04-05,7345,7395,7260,7375,33777
2016-04-06,7370,7745,7295,7635,82395
2016-04-07,7630,7860,7435,7635,60931
2016-04-08,7630,7690,7525,7635,35652
2016-04-11,7640,7840,7640,7750,41374
2016-04-12,7650,7840,7650,7750,37024
2016-04-14,7880,7880,7650,7750,30344
2016-04-15,7745,7810,7585,7685,48416
2016-04-18,7590,7725,7590,7655,17421
2016-04-19,7590,7915,7590,7735,15191
2016-04-20,7730,7840,7610,7750,16765
2016-04-21,7740,9310,7680,8170,299656
2016-04-22,8205,8240,7980,8085,81603
2016-04-25,8025,8405,8025,8045,52225
2016-04-26,8130,8330,8000,8095,45574
2016-04-27,8090,8150,7790,7990,41027
2016-04-28,7900,8040,7820,7900,33894
2016-04-29,7845,7965,7825,7880,25108
2016-05-02,7890,8090,7835,8085,50017
2016-05-03,8150,8245,8030,8210,59113
2016-05-04,8165,8205,8050,8160,46912
2016-05-09,8245,8285,8105,8160,46550
2016-05-10,8165,8165,8005,8030,20528
2016-05-11,8100,8100,8005,8085,10178
2016-05-12,8090,8145,8030,8070,11099
2016-05-13,8065,8140,8000,8060,9612
2016-05-16,8050,8055,7765,7875,23070
2016-05-17,7960,7960,7515,7670,27134
2016-05-18,7525,7815,7410,7655,42531
2016-05-19,7725,7725,7475,7620,8955
2016-05-20,7465,7800,7465,7525,19498
2016-05-23,7550,8070,7550,7850,31257
2016-05-24,7840,8050,7825,7875,42073
2016-05-25,7920,7955,7675,7750,36685
2016-05-26,7650,7900,7650,7760,10007
2016-05-27,7865,7865,7660,7705,10495
2016-05-30,7635,7700,7530,7645,21353
2016-05-31,7640,7865,7530,7865,63894
2016-06-01,8145,8145,7875,7990,51374
2016-06-02,7935,7935,7865,7915,14803
2016-06-03,7990,8165,7725,8145,66827
2016-06-07,8285,9225,8285,8985,404140
2016-06-08,9180,10690,8850,9395,1283554
2016-06-09,9304,10040,8730,10005,492497
2016-06-10,10085,11065,9550,10090,633967
2016-06-13,10815,13100,10815,13110,3209021
2016-06-14,14165,14654,12375,13150,2457925
2016-06-15,13385,14005,12775,12905,775821
2016-06-16,13145,15435,13105,14620,1325579
2016-06-17,14980,15060,12730,13435,1071520
2016-06-20,13795,14125,12730,12785,652941
2016-06-21,13065,13350,12210,12825,661443
2016-06-22,12655,13265,12570,13275,350042
2016-06-23,13185,15065,13185,13885,1050427
2016-06-24,14169,15270,12735,13885,1200825
2016-06-27,13875,14855,13515,14255,670511
2016-06-28,13875,14569,13635,13765,450574
2016-06-29,14085,14370,13185,13395,382183
2016-06-30,13635,13840,13025,13395,232740
2016-07-01,13310,13800,13185,13805,248993
2016-07-04,14365,14570,12940,13110,477590
2016-07-05,13189,13475,12900,13315,241686
2016-07-06,13305,13515,12610,12945,245314
2016-07-07,12985,13105,12490,12580,178448
2016-07-08,12490,12535,11675,12130,387294
2016-07-11,12085,12865,11960,12660,189277
2016-07-12,12610,12775,12080,12130,142170
2016-07-13,12535,12735,11675,11760,202606
2016-07-14,11880,12080,11555,11805,117832
2016-07-15,11920,12450,11720,12335,159743
2016-07-18,12330,12570,11635,11925,189641
2016-07-19,11915,11960,11350,11435,127029
2016-07-20,11390,13800,11390,13395,773255
2016-07-21,13145,13715,13060,13435,172480
2016-07-22,13470,13470,12735,13070,140020
2016-07-25,13100,13385,12775,13070,111989
2016-07-26,12900,13105,12495,13030,96375
2016-07-27,12700,12820,11635,11925,500969
2016-07-28,11920,13065,11800,12335,267837
2016-07-29,12375,12900,12375,12660,152687
2016-08-01,12940,13550,12655,13110,168801
2016-08-02,12985,13190,12080,12255,280113
2016-08-03,12655,13225,12245,12255,363782
2016-08-04,11880,12165,11435,11885,220857
2016-08-05,12205,12405,11630,11640,161649
2016-08-08,11675,13025,11675,12700,327482
2016-08-09,12985,13680,12700,13520,482440
2016-08-10,13800,13800,13025,13230,361663
2016-08-11,13220,14040,12895,13600,318294
2016-08-12,13060,14080,12940,13600,396772
2016-08-16,13845,14820,13760,14455,609133
2016-08-17,14530,16285,12860,13070,1885299
2016-08-18,14614,16980,13754,16990,5453625
2016-08-19,17070,17800,15880,16255,3360578
2016-08-22,16455,16740,15515,16050,1191478
2016-08-23,16045,16125,14945,15110,762628
2016-08-24,14900,15105,14370,14540,841189
2016-08-25,14455,14535,13964,14130,529991
2016-08-26,13875,14005,13550,13560,437686
2016-08-29,13549,13680,12330,12415,609710
2016-08-30,12405,13060,12405,12455,362751
2016-08-31,12450,12570,11270,11760,759112
2016-09-01,11140,11430,11020,11315,440847
2016-09-02,11265,11595,11060,11520,335932
2016-09-05,11265,11305,10815,11025,373117
2016-09-06,11065,11140,10530,10945,478491
2016-09-07,10900,10900,10205,10290,389573
2016-09-08,10290,12985,9800,11925,2718095
2016-09-09,11595,13430,11270,11600,1555329
2016-09-12,12105,12770,11595,11600,488737
2016-09-13,11595,11865,11405,11550,185919
2016-09-19,11450,11550,11195,11235,135818
2016-09-20,11040,11380,10895,10980,143327
2016-09-21,10980,11245,10895,11250,128505
2016-09-22,11245,12020,11245,11710,215914
2016-09-23,12045,14345,11535,13075,937247
2016-09-26,12890,13920,12650,13255,296415
2016-09-27,13255,13740,13015,13440,169290
2016-09-28,13315,13860,12949,13135,176370
2016-09-29,12950,14769,12889,13865,600551
2016-09-30,13680,14585,13495,13500,296095
2016-10-04,13740,13980,13195,13255,151684
2016-10-05,12470,12950,12165,12470,609789
2016-10-06,12590,12590,11935,11985,314046
2016-10-07,12105,12345,11510,11600,217457
2016-10-10,11390,12405,11390,11925,225532
2016-10-11,11935,12165,11510,11610,168159
2016-10-12,11730,12030,11390,11600,129488
2016-10-13,11535,11715,11485,11500,105183
2016-10-14,11415,12095,11415,12095,166651
2016-10-17,12105,12285,11740,11755,210745
2016-10-18,11755,11900,11415,11550,162102
2016-10-19,11680,11865,11160,11225,128928
2016-10-20,11150,11295,10835,10885,125283
2016-10-21,10905,10990,10085,10475,143470
2016-10-24,10324,10580,10060,10205,123973
2016-10-25,10095,11510,10095,10790,509472
2016-10-26,10675,11110,10615,10910,127904
2016-10-27,10835,10880,10410,10800,72182
2016-10-28,10710,10895,10170,10180,124784
2016-10-31,10120,10170,9380,9470,119855
2016-11-01,9080,10060,9080,9140,144115
2016-11-02,9040,9560,8825,9155,129262
2016-11-03,8885,9670,8834,9675,125554
2016-11-04,9455,9710,9175,9200,104266
2016-11-07,9225,9550,9210,9515,89365
2016-11-08,9455,9560,9320,9420,97401
2016-11-09,9430,9925,8425,8960,249502
2016-11-10,9270,9464,9090,9405,98660
2016-11-11,9395,9960,9235,9965,128178
2016-11-14,10650,11680,10350,10350,666562
2016-11-15,10350,10530,9830,9830,164839
2016-11-16,10590,12710,10505,11865,5229682
2016-11-17,11985,12045,10965,10980,1311111
2016-11-18,10965,13680,10820,12470,6687617
2016-11-21,12470,14165,11960,12230,3809121
2016-11-22,12165,13255,12045,12350,1783672
2016-11-23,12405,12770,11800,11805,830144
2016-11-24,12165,12470,11815,11815,790013
2016-11-25,12105,12650,11875,11940,722581
2016-11-28,11865,12095,11210,11210,432712
2016-11-29,11210,11765,10905,11225,739209
2016-11-30,11255,11380,10760,10810,380798
2016-12-01,10940,11100,10700,10705,237318
2016-12-02,10700,10760,10170,10265,254885
2016-12-05,10265,10265,9670,9700,396064
2016-12-06,9710,10010,9584,9745,233737
2016-12-07,9745,10180,9635,9880,243570
2016-12-08,9875,10045,9745,9760,159368
2016-12-09,9890,9890,9660,9735,155568
2016-12-12,9770,10070,9770,9930,220321
2016-12-13,9924,10020,9670,9845,226442
2016-12-14,9855,9960,9480,9660,367332
2016-12-15,9540,9960,9455,9930,234786
2016-12-16,9925,10105,9805,9990,284185
2016-12-19,9985,10250,9914,10195,214670
2016-12-20,10264,10555,10070,10085,311987
2016-12-21,10085,10300,10010,10305,219656
2016-12-22,10300,10700,10300,10520,345414
2016-12-23,10520,11450,10350,11115,888144
2016-12-26,11135,11340,10940,11115,200677
2016-12-27,10920,11160,10760,11080,258859
2016-12-28,11040,11110,10835,10895,151990
2016-12-29,10775,10920,10360,10390,278193
2017-01-02,10410,11110,10410,11090,185254
2017-01-03,11175,11465,11050,11260,213365
2017-01-04,11295,11365,11150,11260,100845
2017-01-05,11255,11550,11255,11465,198874
2017-01-06,11415,12010,11415,11670,279956
2017-01-09,11695,11840,11440,11515,163624
2017-01-10,11670,11670,10895,10895,423969
2017-01-11,10845,11465,10835,10955,502106
2017-01-12,0,0,0,10955,0
2017-01-13,0,0,0,10955,0
2017-01-16,0,0,0,10955,0
2017-01-17,0,0,0,10955,0
2017-01-18,0,0,0,10955,0
2017-01-19,0,0,0,10955,0
2017-01-20,0,0,0,10955,0
2017-01-23,0,0,0,10955,0
2017-01-24,0,0,0,10955,0
2017-01-25,0,0,0,10955,0
2017-01-26,0,0,0,10955,0
2017-01-31,0,0,0,10955,0
2017-02-01,0,0,0,10955,0
2017-02-02,0,0,0,10955,0
2017-02-03,10290,11135,9985,10140,6299270
2017-02-06,10044,10200,9260,9505,2850383
2017-02-07,9655,12255,9530,11895,38946789
2017-02-08,11770,11830,10955,11110,8444572
2017-02-09,11290,12800,11105,11500,34289555
2017-02-10,11530,12015,10015,10715,12442494
2017-02-13,10895,11135,10560,10565,4509020
2017-02-14,10350,10560,10170,10320,3467710
2017-02-15,11680,12500,10775,10865,36512485
2017-02-16,11105,11165,10560,11020,7258994
2017-02-17,10925,11135,10745,10895,4366444
2017-02-20,10835,11105,10775,10775,3124485
2017-02-21,11045,12590,11045,11440,39174121
2017-02-22,11255,11620,11075,11625,5760438
2017-02-23,11590,11830,11225,11230,4563275
2017-02-24,11195,11590,11165,11500,4051701
2017-02-27,11470,11680,11255,11500,2900569
2017-02-28,11500,11650,11290,11320,2818203
2017-03-02,11350,11650,11075,11080,3459262
2017-03-03,11225,11530,10835,10925,3722487
2017-03-06,10895,11015,10650,10655,2022064
2017-03-07,10865,11075,10560,10895,2579644
2017-03-08,10865,11015,10745,10955,1478817
2017-03-09,10955,11075,10560,10565,2081408
2017-03-10,10590,10775,9985,10505,2098116
2017-03-13,10470,10620,10410,10445,1186061
2017-03-14,10560,10710,10440,10685,1693190
2017-03-15,10775,10835,10350,10410,1568572
2017-03-16,10440,10470,9955,10020,2059128
2017-03-17,10135,10380,9985,10020,1817930
2017-03-20,10015,10135,9715,9865,806606
2017-03-21,9924,10075,9684,9745,1321226
2017-03-22,9775,9924,9470,9865,1663952
2017-03-23,9625,9894,9440,9655,1504486
2017-03-24,9080,9140,7655,7720,12371256
2017-03-27,7320,7775,6595,6930,11223246
2017-03-28,6960,7565,6960,7505,8030724
2017-03-29,7685,8050,7230,7900,5132450
2017-03-30,0,0,0,7900,0
2017-03-31,0,0,0,7900,0
2017-04-03,0,0,0,7900,0
2017-04-04,0,0,0,7900,0
2017-04-05,0,0,0,7900,0
2017-04-06,0,0,0,7900,0
2017-04-07,0,0,0,7900,0
2017-04-10,0,0,0,7900,0
2017-04-11,0,0,0,7900,0
2017-04-12,0,0,0,7900,0
2017-04-13,0,0,0,7900,0
2017-04-14,0,0,0,7900,0
2017-04-17,0,0,0,7900,0
2017-04-18,0,0,0,7900,0
2017-04-19,0,0,0,7900,0
2017-04-20,0,0,0,7900,0
2017-04-21,0,0,0,7900,0
2017-04-24,0,0,0,7900,0
2017-04-25,0,0,0,7900,0
2017-04-26,0,0,0,7900,0
2017-04-27,0,0,0,7900,0
2017-04-28,0,0,0,7900,0
2017-05-02,0,0,0,7900,0
2017-05-04,0,0,0,7900,0
2017-05-08,0,0,0,7900,0
2017-05-10,0,0,0,7900,0
2017-05-11,0,0,0,7900,0
2017-05-12,0,0,0,7900,0
2017-05-15,0,0,0,7900,0
2017-05-16,0,0,0,7900,0
2017-05-17,0,0,0,7900,0
2017-05-18,0,0,0,7900,0
2017-05-19,0,0,0,7900,0
2017-05-22,0,0,0,7900,0
2017-05-23,0,0,0,7900,0
2017-05-24,0,0,0,7900,0
2017-05-25,0,0,0,7900,0
2017-05-26,0,0,0,7900,0
2017-05-29,0,0,0,7900,0
2017-05-30,0,0,0,7900,0
2017-05-31,0,0,0,7900,0
2017-06-01,0,0,0,7900,0
2017-06-02,0,0,0,7900,0
2017-06-05,0,0,0,7900,0
2017-06-07,0,0,0,7900,0
2017-06-08,0,0,0,7900,0
2017-06-09,0,0,0,7900,0
2017-06-12,0,0,0,7900,0
2017-06-13,0,0,0,7900,0
2017-06-14,0,0,0,7900,0
2017-06-15,0,0,0,7900,0
2017-06-16,0,0,0,7900,0
2017-06-19,0,0,0,7900,0
2017-06-20,0,0,0,7900,0
2017-06-21,0,0,0,7900,0
2017-06-22,0,0,0,7900,0
2017-06-23,0,0,0,7900,0
2017-06-26,0,0,0,7900,0
2017-06-27,0,0,0,7900,0
2017-06-28,0,0,0,7900,0
2017-06-29,0,0,0,7900,0
2017-06-30,0,0,0,7900,0
2017-07-03,0,0,0,7900,0
2017-07-04,0,0,0,7900,0
2017-07-05,0,0,0,7900,0
2017-07-06,0,0,0,7900,0
2017-07-07,0,0,0,7900,0
2017-07-10,0,0,0,7900,0
2017-07-11,0,0,0,7900,0
2017-07-12,0,0,0,7900,0
2017-07-13,0,0,0,7900,0
2017-07-14,0,0,0,7900,0
2017-07-17,0,0,0,7900,0
2017-07-18,0,0,0,7900,0
2017-07-19,0,0,0,7900,0
2017-07-20,0,0,0,7900,0
2017-07-21,0,0,0,7900,0
2017-07-24,0,0,0,7900,0
2017-07-25,0,0,0,7900,0
2017-07-26,0,0,0,7900,0
2017-07-27,0,0,0,7900,0
2017-07-28,0,0,0,7900,0
2017-07-31,0,0,0,7900,0
2017-08-01,0,0,0,7900,0
2017-08-02,0,0,0,7900,0
2017-08-03,0,0,0,7900,0
2017-08-04,0,0,0,7900,0
2017-08-07,0,0,0,7900,0
2017-08-08,0,0,0,7900,0
2017-08-09,0,0,0,7900,0
2017-08-10,0,0,0,7900,0
2017-08-11,0,0,0,7900,0
2017-08-14,0,0,0,7900,0
2017-08-16,0,0,0,7900,0
2017-08-17,0,0,0,7900,0
2017-08-18,0,0,0,7900,0
2017-08-21,0,0,0,7900,0
2017-08-22,0,0,0,7900,0
2017-08-23,0,0,0,7900,0
2017-08-24,0,0,0,7900,0
2017-08-25,0,0,0,7900,0
2017-08-28,0,0,0,7900,0
2017-08-29,0,0,0,7900,0
2017-08-30,0,0,0,7900,0
2017-08-31,0,0,0,7900,0
2017-09-01,0,0,0,7900,0
2017-09-04,0,0,0,7900,0
2017-09-05,0,0,0,7900,0
2017-09-06,0,0,0,7900,0
2017-09-07,0,0,0,7900,0
2017-09-08,0,0,0,7900,0
2017-09-11,0,0,0,7900,0
2017-09-12,0,0,0,7900,0
2017-09-13,0,0,0,7900,0
2017-09-14,0,0,0,7900,0
2017-09-15,0,0,0,7900,0
2017-09-18,0,0,0,7900,0
2017-09-19,0,0,0,7900,0
2017-09-20,0,0,0,7900,0
2017-09-21,0,0,0,7900,0
2017-09-22,0,0,0,7900,0
2017-09-25,0,0,0,7900,0
2017-09-26,0,0,0,7900,0
2017-09-27,0,0,0,7900,0
2017-09-28,0,0,0,7900,0
2017-09-29,0,0,0,7900,0
2017-10-10,0,0,0,7900,0
2017-10-11,0,0,0,7900,0
2017-10-12,0,0,0,7900,0
2017-10-13,0,0,0,7900,0
2017-10-16,0,0,0,7900,0
2017-10-17,0,0,0,7900,0
2017-10-18,0,0,0,7900,0
2017-10-19,0,0,0,7900,0
2017-10-20,0,0,0,7900,0
2017-10-23,0,0,0,7900,0
2017-10-24,0,0,0,7900,0
2017-10-25,0,0,0,7900,0
2017-10-26,0,0,0,7900,0
2017-10-27,0,0,0,7900,0
2017-10-30,0,0,0,7900,0
2017-10-31,0,0,0,7900,0
2017-11-01,0,0,0,7900,0
2017-11-02,0,0,0,7900,0
2017-11-03,0,0,0,7900,0
2017-11-06,0,0,0,7900,0
2017-11-07,0,0,0,7900,0
2017-11-08,0,0,0,7900,0
2017-11-09,0,0,0,7900,0
2017-11-10,0,0,0,7900,0
2017-11-13,0,0,0,7900,0
2017-11-14,0,0,0,7900,0
2017-11-15,0,0,0,7900,0
2017-11-16,0,0,0,7900,0
2017-11-17,0,0,0,7900,0
2017-11-20,0,0,0,7900,0
2017-11-21,0,0,0,7900,0
2017-11-22,0,0,0,7900,0
2017-11-23,0,0,0,7900,0
2017-11-24,0,0,0,7900,0
2017-11-27,0,0,0,7900,0
2017-11-28,0,0,0,7900,0
2017-11-29,0,0,0,7900,0
2017-11-30,0,0,0,7900,0
2017-12-01,0,0,0,7900,0
2017-12-04,0,0,0,7900,0
2017-12-05,0,0,0,7900,0
2017-12-06,0,0,0,7900,0
2017-12-07,0,0,0,7900,0
2017-12-08,0,0,0,7900,0
2017-12-11,0,0,0,7900,0
2017-12-12,0,0,0,7900,0
2017-12-13,0,0,0,7900,0
2017-12-14,0,0,0,7900,0
2017-12-15,0,0,0,7900,0
2017-12-18,0,0,0,7900,0
2017-12-19,0,0,0,7900,0
2017-12-20,0,0,0,7900,0
2017-12-21,0,0,0,7900,0
2017-12-22,0,0,0,7900,0
2017-12-26,0,0,0,7900,0
2017-12-27,0,0,0,7900,0
2017-12-28,0,0,0,7900,0
2018-01-02,0,0,0,7900,0
2018-01-03,0,0,0,7900,0
2018-01-04,0,0,0,7900,0
2018-01-05,0,0,0,7900,0
2018-01-08,0,0,0,7900,0
2018-01-09,0,0,0,7900,0
2018-01-10,0,0,0,7900,0
2018-01-11,0,0,0,7900,0
2018-01-12,0,0,0,7900,0
2018-01-15,0,0,0,7900,0
2018-01-16,0,0,0,7900,0
2018-01-17,0,0,0,7900,0
2018-01-18,0,0,0,7900,0
2018-01-19,0,0,0,7900,0
2018-01-22,0,0,0,7900,0
2018-01-23,0,0,0,7900,0
2018-01-24,0,0,0,7900,0
2018-01-25,0,0,0,7900,0
2018-01-26,0,0,0,7900,0
2018-01-29,7900,10050,7525,9125,24686099
2018-01-30,9125,9575,8300,8550,5473714
2018-01-31,8575,8675,7750,7875,3718626
2018-02-01,8025,8125,7525,7650,2101786
2018-02-02,7650,7800,6900,7175,2602231
2018-02-05,7050,7875,6800,7150,2527449
2018-02-06,7150,7650,7000,7500,1486752
2018-02-07,7650,7875,7150,7150,1079664
2018-02-08,7275,7500,7025,7175,843566
2018-02-09,7125,7200,6750,6850,965653
2018-02-12,6900,6975,6500,6550,1215610
2018-02-13,6600,6900,6500,6700,707356
2018-02-14,6825,6825,6500,6675,339128
2018-02-19,6600,6675,6475,6575,563227
2018-02-20,6550,6650,6375,6575,486693
2018-02-21,6575,6575,6300,6450,763341
2018-02-22,6725,8275,6725,7300,8059874
2018-02-23,7300,7400,6900,7375,1547608
2018-02-26,7375,7650,7150,7150,875648
2018-02-27,7175,7450,7100,7125,1001133
2018-02-28,7150,7200,6900,7025,558242
2018-03-02,7025,8050,6975,7750,2759127
2018-03-05,8000,8400,7750,8225,2355476
2018-03-06,8325,8725,8175,8550,1311003
2018-03-07,8500,8800,8175,8700,1438563
2018-03-08,8725,9025,8625,8750,1356350
2018-03-09,8925,9000,8275,8500,1218050
2018-03-12,8500,8750,8350,8500,857730
2018-03-13,8800,8800,8350,8450,1101094
2018-03-14,8450,9200,8200,8875,2401191
2018-03-15,9000,10075,9000,9650,6410125
2018-03-16,9650,10250,9600,9975,2117265
2018-03-19,10025,10150,7400,9400,6225199
2018-03-20,9400,9525,8900,9050,1478021
2018-03-21,9250,10150,9000,9800,2905056
2018-03-22,10400,10675,9050,9200,3016246
2018-03-23,8900,9325,8100,8375,2486348
2018-03-26,8625,9250,8400,9025,2086852
2018-03-27,9175,9575,8800,9250,1296533
2018-03-28,8900,9450,8650,9325,1613426
2018-03-29,9350,10050,9200,9750,2249130
2018-03-30,10000,10025,9475,9500,1496621
2018-04-02,9500,9624,9124,9425,911249
2018-04-03,9425,9625,9175,9600,960537
2018-04-04,9700,9700,9450,9550,1110081
2018-04-05,9575,9700,9400,9525,901418
2018-04-06,9525,9875,9375,9700,1677212
2018-04-09,9700,10000,9600,9750,1027571
2018-04-10,10200,10625,9775,10375,3484804
2018-04-11,10425,10525,10100,10250,1199393
2018-04-12,10250,10525,9900,10500,1455731
2018-04-13,10950,11425,10750,11175,2353413
2018-04-16,11125,11775,11125,11625,1904838
2018-04-17,11500,11800,11225,11675,1195212
2018-04-18,11825,11875,11400,11875,1197168
2018-04-19,11825,12225,11725,11850,1283682
2018-04-20,11850,12150,11050,11550,1610503
2018-04-23,11550,11650,10750,11100,1314352
2018-04-24,11325,11625,10750,11275,1151833
2018-04-25,11425,11425,10900,11075,740874
2018-04-26,11200,11200,10775,10775,883354
2018-04-27,10775,11850,10750,11550,1390130
2018-04-30,11550,12200,11200,11400,945546
2018-05-02,11400,11400,10525,10875,1095671
2018-05-03,10875,11100,10400,10925,1173689
2018-05-04,11025,11025,10175,10525,982733
2018-05-08,10500,10725,9500,9600,1570721
2018-05-09,9875,12250,9875,11500,7308490
2018-05-10,12000,12700,11925,12700,4637724
2018-05-11,12800,13675,12300,12825,3177211
2018-05-14,13000,13025,12150,12150,1494620
2018-05-15,12325,13325,12100,13200,2260685
2018-05-16,13025,14225,12750,14100,4584942
2018-05-17,14000,14500,13950,14300,1747682
2018-05-18,14100,14725,14100,14625,1509653
2018-05-21,14724,15000,14250,14650,2076901
2018-05-23,14500,14625,13975,13975,1911274
2018-05-24,13825,14600,13549,13675,2395342
2018-05-25,13850,13850,11525,12750,2975672
2018-05-28,13375,13875,13125,13575,1939338
2018-05-29,13550,14125,13249,13325,1763250
2018-05-30,13175,13475,12025,12725,2204547
2018-05-31,12750,13274,12600,12750,962719
2018-06-01,12850,13124,12575,12850,697359
2018-06-04,13200,13600,12500,12675,888086
2018-06-05,12675,13000,12150,12500,1463284
2018-06-07,12500,12900,12350,12700,949576
2018-06-08,12700,12950,12625,12675,817140
2018-06-11,12500,12900,11850,12125,1134341
2018-06-12,12125,12500,11400,11800,1603219
2018-06-14,12000,13150,11225,12750,2846180
2018-06-15,12900,14425,12900,14350,5424664
2018-06-18,14949,14949,13749,14375,4572326
2018-06-19,14450,14450,13150,13400,2799149
2018-06-20,13400,14100,13175,13625,1635471
2018-06-21,13625,14175,13450,14000,2769153
2018-06-22,14000,14100,13575,13900,1978017
2018-06-25,13900,14075,13550,13700,1816516
2018-06-26,13750,14050,13375,13500,1174558
2018-06-27,13524,13650,12550,13250,3978872
2018-06-28,13000,13300,12500,12675,1730760
2018-06-29,12900,12900,11750,12675,1738413
2018-07-02,12650,12775,12000,12200,1084518
2018-07-03,12200,12400,11700,12100,651897
2018-07-04,12075,12100,11525,11625,745375
2018-07-05,11650,11775,8150,8150,3512962
2018-07-06,9675,10575,9575,10575,6358417
2018-07-09,10600,11850,10575,11375,3591266
2018-07-10,11600,12350,8650,9775,11461349
2018-07-11,10150,10425,9000,9750,2940464
2018-07-12,9750,10200,9150,9625,1538717
2018-07-13,9774,9774,9450,9575,714812
2018-07-16,9600,9825,9400,9450,435064
2018-07-17,9450,9750,9450,9575,584820
2018-07-18,9600,11300,9125,10825,5357063
2018-07-19,10925,10950,9950,10000,1296794
2018-07-20,10000,10450,9700,10025,968730
2018-07-23,10025,10074,9200,9375,601279
2018-07-24,9400,9750,8875,9375,501834
2018-07-25,9700,9724,9000,9025,408352
2018-07-26,9000,10500,8475,9825,2094988
2018-07-27,9950,10700,9825,10425,1236002
2018-07-30,10475,10625,10225,10425,555778
2018-07-31,10250,10650,10000,10500,526491
2018-08-01,10500,10600,10350,10525,418639
2018-08-02,10525,11250,10200,10750,1102700
2018-08-03,10750,11125,10700,10825,587958
2018-08-06,10975,12000,10975,11325,2006691
2018-08-07,11375,12025,11350,12000,1310872
2018-08-08,12150,12200,11425,11500,1019737
2018-08-09,11500,11650,10725,11500,921949
2018-08-10,11325,11550,10875,11150,656524
2018-08-13,11150,11300,10275,10275,695852
2018-08-14,10750,11975,10275,10900,3697444
2018-08-16,10675,11150,10475,11075,638142
2018-08-17,10700,11350,10700,11025,364103
2018-08-20,10825,10975,10675,10925,687592
2018-08-21,10875,11275,10675,11050,415317
2018-08-22,11100,11150,10825,11025,390115
2018-08-23,11075,11075,10650,10775,686415
2018-08-24,10675,10900,10500,10775,540459
2018-08-27,10625,10725,10300,10425,631386
2018-08-28,10300,10900,10300,10625,544215
2018-08-29,10475,10600,10300,10350,513435
2018-08-30,10425,10850,10250,10800,941488
2018-08-31,10825,10850,10300,10325,561724
2018-09-03,10474,10474,10150,10175,465270
2018-09-04,10175,10375,9825,10050,663606
2018-09-05,10200,10800,10075,10600,954696
2018-09-06,10625,11150,10625,10925,1362437
2018-09-07,11150,12000,10875,11850,2309480
2018-09-10,12025,12875,12025,12850,3142088
2018-09-11,13275,13275,11900,12400,3204874
2018-09-12,12850,12925,12000,12150,1850692
2018-09-13,11950,12450,11800,11950,1242818
2018-09-14,11975,12400,11825,11925,1135384
2018-09-17,11925,12350,11400,12075,1622213
2018-09-18,11975,12150,11625,11675,853753
2018-09-19,11675,11750,10525,10625,2419151
2018-09-20,10775,10775,10025,10150,1427011
2018-09-21,10225,10300,9825,10300,834605
2018-09-27,10300,10400,10050,10275,631573
2018-09-28,10400,10400,10000,10075,529776
2018-10-01,10000,10124,9550,9825,964127
2018-10-02,9025,10050,9025,9350,1007145
2018-10-04,9500,9725,9200,9575,612988
2018-10-05,9500,9624,9100,9525,514155
2018-10-08,9724,10275,9575,10225,557858
2018-10-10,10450,10450,9725,9750,392548
2018-10-11,9324,9650,8975,9325,565692
2018-10-12,9000,9474,9000,9375,332234
2018-10-15,9475,9575,8875,9050,525558
2018-10-16,9100,9475,8950,8950,571417
2018-10-17,9000,9300,8950,9250,342635
2018-10-18,9250,10250,9175,10250,2100916
2018-10-19,10100,10500,10075,10400,1351232
2018-10-22,10500,10650,9950,10000,641772
2018-10-23,10025,10225,9650,9775,449078
2018-10-24,9775,10150,9450,9550,576884
2018-10-25,9524,9524,8750,9025,410150
2018-10-26,9075,9300,7700,8525,1058106
2018-10-29,8050,8375,5975,5975,6042210
2018-10-30,5450,6200,4910,5800,4698471
2018-10-31,5800,6100,5375,5650,2265470
2018-11-01,5750,6825,5625,6425,3405000
2018-11-02,6350,6725,6325,6600,954661
2018-11-05,6650,6950,6175,6450,1191998
2018-11-06,6400,6500,6100,6100,861961
2018-11-07,6225,6675,6150,6325,1182510
2018-11-08,6375,6525,6275,6400,547022
2018-11-09,6500,6500,5950,6150,829315
2018-11-12,6175,6200,5450,5525,1224925
2018-11-13,5375,6400,5250,6025,1883530
2018-11-14,6025,6300,5925,5950,672992
2018-11-15,5950,6050,5675,5725,533990
2018-11-16,5675,5825,5500,5775,1224096
2018-11-19,5725,6475,5700,6125,1509286
2018-11-20,6125,6375,5900,6175,946368
2018-11-21,6150,7100,6000,6650,3376035
2018-11-22,6650,7025,6650,6950,1654148
2018-11-23,6900,7700,6675,7650,2679019
2018-11-26,7450,8650,7225,8125,3022704
2018-11-27,8400,9025,7975,8975,5105088
2018-11-28,7350,7575,6600,6775,9190954
2018-11-29,6900,7250,6725,7025,2127110
2018-11-30,6650,6950,6425,6500,1718185
2018-12-03,6625,6950,6450,6600,1197998
2018-12-04,6750,7000,6525,6625,641412
2018-12-05,6525,6750,6200,6225,781200
2018-12-06,6300,6300,5675,6200,1284831
2018-12-07,6200,6900,6200,6875,1592766
2018-12-10,6925,7125,6500,6650,538747
2018-12-11,6675,6950,6250,6250,618875
2018-12-12,6350,6450,6075,6250,409591
2018-12-13,6250,6375,6100,6150,292423
2018-12-14,6300,6300,5800,6150,867417
2018-12-17,6025,6200,5650,6000,493775
2018-12-18,6000,6075,5675,5775,427455
2018-12-19,5775,5875,5475,5550,701313
2018-12-20,5575,5575,5025,5075,1087086
2018-12-21,5250,5275,4950,4995,1354697
2018-12-24,4995,5000,4820,4920,691032
2018-12-26,4885,4895,4470,4495,1072732
2018-12-27,4585,5275,4470,5250,2133509
2018-12-28,5250,5350,5075,5275,984596
2019-01-02,5375,5375,4840,4930,1194425
2019-01-03,4955,5225,4850,4935,646053
2019-01-04,4930,4995,4705,4775,363290
2019-01-07,4865,4865,4695,4700,513670
2019-01-08,4745,4845,4610,4700,565973
2019-01-09,4700,4975,4635,4895,953618
2019-01-10,4850,5875,4835,5375,7485716
2019-01-11,5550,5800,5275,5575,1486432
2019-01-14,5575,5725,5425,5475,600869
2019-01-15,5500,5675,5400,5625,998399
2019-01-16,5700,5700,5150,5400,1441593
2019-01-17,5425,5425,5125,5150,987079
2019-01-18,5300,5625,5050,5400,1284720
2019-01-21,5325,5600,5275,5400,799878
2019-01-22,5425,5500,5300,5375,1100042
2019-01-23,5350,5375,5150,5175,446276
2019-01-24,5125,5225,4945,5000,1292169
2019-01-25,5025,5075,4840,4975,1279338
2019-01-28,4975,5025,4750,4960,845940
2019-01-29,4975,5050,4755,4775,1401818
2019-01-30,4785,4915,4770,4815,400164
2019-01-31,4820,4900,4790,4805,420376
2019-02-01,4815,4815,4595,4695,731945
2019-02-07,4700,4705,4490,4500,1064487
2019-02-08,4530,4550,4440,4470,531999
2019-02-11,4470,4470,3130,3140,19986116
2019-02-12,3255,3580,3175,3215,7884600
2019-02-13,3400,3710,3280,3535,7037260
2019-02-14,3640,3645,3350,3470,2092030
2019-02-15,3455,3455,3285,3330,1573645
2019-02-18,3395,3460,3275,3295,1136154
2019-02-19,3295,4145,3125,4010,14095355
2019-02-20,3850,4110,3535,3625,6648268
2019-02-21,3700,3930,3400,3565,5197240
2019-02-22,3570,4075,3490,3715,7855568
2019-02-25,3700,3830,3640,3685,1017684
2019-02-26,3680,3685,3555,3585,1023483
2019-02-27,3545,3680,3515,3640,1058195
2019-02-28,3610,3825,3590,3590,1933520
2019-03-04,3590,3770,3575,3700,918040
2019-03-05,3700,3740,3675,3740,593773
2019-03-06,3935,4000,3795,3850,1710915
2019-03-07,3840,4065,3785,3910,2997232
2019-03-08,3910,3970,3825,3965,905022
2019-03-11,3980,4375,3940,4120,4298966
2019-03-12,4120,4700,4060,4395,6520302
2019-03-13,4395,4450,4050,4165,2087857
2019-03-14,4100,4170,3935,4165,2288033
2019-03-15,4200,4335,4190,4205,879896
2019-03-18,4275,4550,4210,4225,3085160
2019-03-19,4155,4490,4155,4435,1746197
2019-03-20,4435,5550,4435,5300,14009891
2019-03-21,5775,6575,4710,4875,19898601
2019-03-22,5075,5100,4875,4905,2452477
2019-03-25,4835,4865,4450,4715,1963783
2019-03-26,4715,4810,4500,4530,1097401
2019-03-27,4530,4610,4495,4510,1140014
2019-03-28,4515,4600,4425,4430,963327
2019-03-29,4435,4480,4150,4240,1300491
2019-04-01,4240,4535,4210,4520,1437897
2019-04-02,4520,4600,4380,4395,751495
2019-04-03,4430,4430,4305,4325,835350
2019-04-04,4365,5100,4305,4655,4069573
2019-04-05,4655,4675,4535,4600,1256694
2019-04-08,4585,4650,4515,4545,855898
2019-04-09,4545,4570,4425,4440,984495
2019-04-10,4470,4520,4405,4425,535052
2019-04-11,4485,4485,4340,4340,567657
2019-04-12,4360,4555,4340,4405,1099052
2019-04-15,4495,4495,4365,4400,704973
2019-04-16,4465,4465,4325,4345,574051
2019-04-17,4405,4410,4105,4225,1031603
2019-04-18,4270,4270,4075,4095,870022
2019-04-19,4095,4265,4085,4240,895423
2019-04-22,4240,4430,4130,4220,1897836
2019-04-23,4315,4840,4255,4480,6850571
2019-04-24,4490,4640,4460,4575,2274044
2019-04-25,4605,5350,4585,4890,13125426
2019-04-26,4845,4930,4700,4845,2059631
2019-04-29,4835,4845,4670,4680,1101396
2019-04-30,4680,4800,4625,4680,882175
2019-05-02,4650,4770,4600,4625,737576
2019-05-03,4600,4655,4240,4240,1627222
2019-05-07,4280,4500,4220,4315,1963135
2019-05-08,4330,4405,4155,4345,1298101
2019-05-09,4465,4750,4335,4375,3502763
2019-05-10,4475,4475,4255,4460,656756
2019-05-13,4460,4575,4390,4405,1085474
2019-05-14,4440,4615,4230,4525,2605548
2019-05-15,4500,4945,4495,4715,6446421
2019-05-16,4665,4870,4590,4670,3701663
2019-05-17,4895,5075,4650,4695,3435329
2019-05-20,4695,4825,4535,4600,1182338
2019-05-21,4575,4940,4460,4940,3694063
2019-05-22,4895,4895,4700,4760,2052858
2019-05-23,4735,4770,4465,4535,1967195
2019-05-24,4455,4550,4365,4495,910207
2019-05-27,4505,4520,4195,4245,1578434
2019-05-28,4285,4300,4150,4235,713027
2019-05-29,4225,4230,4070,4115,945325
2019-05-30,4120,4485,4120,4390,2565879
2019-05-31,4455,5100,4455,4815,9005465
2019-06-03,5100,5225,4805,4825,4750498
2019-06-04,4755,5175,4755,5025,5189971
2019-06-05,5000,5150,4860,4950,2310178
2019-06-07,4950,5875,4920,5875,11123072
2019-06-10,6275,6350,4980,5025,14403185
2019-06-11,4940,4950,4650,4675,6140513
2019-06-12,4705,4735,4555,4575,2160150
2019-06-13,4575,4605,4400,4440,3367762
2019-06-14,4465,4530,4355,4450,1852198
2019-06-17,4460,4505,4385,4455,1035141
2019-06-18,4455,4460,4325,4395,1338586
2019-06-19,4400,4505,4355,4365,1209041
2019-06-20,4430,4435,4365,4420,744914
2019-06-21,4425,4720,4425,4620,3006568
2019-06-24,4550,4630,4495,4600,1122271
2019-06-25,4595,4720,4510,4675,1248992
2019-06-26,4675,5100,4675,5000,7118602
2019-06-27,5300,5875,5175,5525,17169122
2019-06-28,6450,6500,4980,5000,21188752
2019-07-01,5000,5125,4510,4785,3686405
2019-07-02,4790,5150,4650,5025,3207489
2019-07-03,5050,5400,5000,5075,2877802
2019-07-04,5050,5375,5000,5250,2906448
2019-07-05,5225,5725,5225,5550,5379735
2019-07-08,5500,5675,5225,5250,2363930
2019-07-09,5200,5500,4995,5500,2182011
2019-07-10,5625,5675,5200,5250,3100335
2019-07-11,5225,5400,5150,5225,886381
2019-07-12,5225,5325,5050,5200,1381098
2019-07-15,5250,5400,5100,5175,2395805
2019-07-16,5100,5125,4865,5000,1882009
2019-07-17,4995,5475,4790,4950,3153292
2019-07-18,4975,5175,4975,5100,1030875
2019-07-19,5175,5200,5000,5025,856004
2019-07-22,5025,5025,4880,4900,1105954
2019-07-23,4900,4950,4875,4885,630660
2019-07-24,4840,4890,4650,4750,1538574
2019-07-25,4785,5100,4600,4950,998184
2019-07-26,5050,5050,4775,4850,544844
2019-07-29,4760,4945,4415,4415,719676
2019-07-30,4280,4805,4280,4550,1006365
2019-07-31,4550,5075,4360,4645,3572048
2019-08-01,4800,5000,4595,4655,1317803
2019-08-02,4555,4680,4430,4655,715272
2019-08-05,4550,4645,4285,4350,1181505
2019-08-06,4250,4450,3465,4125,1771484
2019-08-07,4200,4365,4105,4205,1021823
2019-08-08,4175,4455,4175,4420,612990
2019-08-09,4275,4590,4260,4525,1220966
2019-08-12,4425,4585,4390,4475,650713
2019-08-13,4430,4770,4430,4770,1251052
2019-08-14,4905,4990,4540,4670,1325819
2019-08-16,4670,4995,4575,4605,1705109
2019-08-19,4605,4650,4425,4505,800358
2019-08-20,4590,4590,4425,4545,437974
2019-08-21,4495,4530,4400,4480,915709
2019-08-22,4485,4800,4395,4425,2543896
2019-08-23,4405,4470,4375,4380,855025
2019-08-26,4375,4400,4225,4295,642265
2019-08-27,4280,4400,4185,4290,719321
2019-08-28,4285,4430,4225,4300,971839
2019-08-29,4285,4370,4175,4190,549886
2019-08-30,4130,4645,4130,4550,2525095
2019-09-02,4520,4520,4335,4360,918277
2019-09-03,4305,4390,4290,4320,468909
2019-09-04,4270,4390,4260,4305,615487
2019-09-05,4310,4350,4185,4235,1040199
2019-09-06,4235,4285,4155,4160,493966
2019-09-09,4230,4230,4045,4085,684900
2019-09-10,4125,4295,4090,4095,1048427
2019-09-11,4105,4175,4095,4160,399610
2019-09-16,4175,4190,4115,4130,337421
2019-09-17,4105,4145,4040,4105,547062
2019-09-18,4105,4180,4050,4080,619423
2019-09-19,4060,4260,4060,4240,758415
2019-09-20,4300,4365,4185,4325,1181958
2019-09-23,4360,4360,4125,4145,758301
2019-09-24,4110,4200,4065,4180,552352
2019-09-25,4125,4180,4045,4095,464843
2019-09-26,4095,4130,3985,3985,549827
2019-09-27,4000,4020,3910,3925,377488
2019-09-30,3905,3955,3745,3775,433921
2019-10-01,3695,4020,3625,3790,1635354
2019-10-02,3765,3845,3645,3675,611259
2019-10-04,3675,3695,3600,3655,846797
2019-10-07,3660,3685,3520,3525,631705
2019-10-08,3540,3540,3390,3405,1383331
2019-10-10,3475,4265,3395,3635,6941212
2019-10-11,3635,3685,3570,3600,772585
2019-10-14,3600,3645,3430,3495,1014221
2019-10-15,3660,3690,3505,3515,879563
2019-10-16,3520,3555,3325,3520,984102
2019-10-17,3470,3535,3375,3410,1731513
2019-10-18,3410,3470,3160,3285,1474699
2019-10-21,3285,3350,3170,3210,830335
2019-10-22,3210,3710,3155,3355,5202167
2019-10-23,3415,3415,3175,3205,1571653
2019-10-24,3200,3200,3025,3150,1633789
2019-10-25,3150,3165,3015,3030,848047
2019-10-28,3050,3245,3010,3110,1241910
2019-10-29,3095,3240,3065,3180,606978
2019-10-30,3215,3215,3085,3185,454036
2019-10-31,3185,3195,3080,3090,517702
2019-11-01,3080,3155,3075,3095,245146
2019-11-04,3090,3185,3065,3115,332367
2019-11-05,3145,3145,3075,3110,443371
2019-11-06,3070,3125,3070,3115,335808
2019-11-07,3125,3245,3095,3210,869159
2019-11-08,3210,3290,3180,3250,579629
2019-11-11,3285,3295,3160,3220,551069
2019-11-12,3250,3250,3155,3185,311672
2019-11-13,3185,3375,3140,3265,1177802
2019-11-14,3325,3385,3205,3320,965090
2019-11-15,3315,3320,3155,3175,892216
2019-11-18,3175,3245,3150,3210,712941
2019-11-19,3695,4060,3265,3305,17274987
2019-11-20,3330,3385,3100,3190,2457007
2019-11-21,3190,3190,3050,3120,1094900
2019-11-22,3120,3330,3090,3175,1177054
2019-11-25,3160,3210,3110,3135,621372
2019-11-26,3155,3175,3110,3170,461393
2019-11-27,3145,3170,3080,3090,827128
2019-11-28,3105,3125,3050,3080,605491
2019-11-29,3050,3090,3025,3035,694611
2019-12-02,3035,3040,2930,2955,613145
2019-12-03,2950,2950,2835,2905,582946
2019-12-04,2900,2900,2675,2675,1581219
2019-12-05,2760,3025,2695,2775,1746264
2019-12-06,2815,2845,2650,2665,861733
2019-12-09,2715,2800,2655,2730,644138
2019-12-10,2685,2765,2595,2615,1017307
2019-12-11,2620,2665,2580,2600,576457
2019-12-12,2575,2725,2570,2640,1010480
2019-12-13,3290,3375,2910,2935,18175729
2019-12-16,2900,3025,2770,2800,2612578
2019-12-17,2800,2925,2685,2695,1670982
2019-12-18,2695,2715,2620,2645,1101859
2019-12-19,2655,2675,2590,2620,916993
2019-12-20,2640,2655,2575,2590,930469
2019-12-23,2565,2575,2520,2545,1152105
2019-12-24,2545,2605,2430,2585,1591712
2019-12-26,2580,2580,2480,2495,919647
2019-12-27,2510,2540,2470,2510,805752
2019-12-30,2535,2585,2495,2575,787320
2020-01-02,2575,2610,2530,2570,624462
2020-01-03,2575,2710,2545,2620,1863213
2020-01-06,2620,2675,2510,2510,1231529
2020-01-07,2510,2575,2475,2515,1131171
2020-01-08,2505,2575,2255,2320,2166739
2020-01-09,2365,3015,2320,2710,30205107
2020-01-10,0,0,0,2710,0
2020-01-13,0,0,0,2710,0
2020-01-14,0,0,0,2710,0
2020-01-15,0,0,0,2710,0
2020-01-16,0,0,0,2710,0
2020-01-17,0,0,0,2710,0
2020-01-20,0,0,0,2710,0
2020-01-21,0,0,0,2710,0
2020-01-22,0,0,0,2710,0
2020-01-23,0,0,0,2710,0
2020-01-28,0,0,0,2710,0
2020-01-29,0,0,0,2710,0
2020-01-30,0,0,0,2710,0
2020-01-31,2550,2775,2500,2575,782292
2020-02-03,2660,3050,2610,2985,1860484
2020-02-04,2955,2975,2790,2830,352530
2020-02-05,2840,3000,2790,2800,318796
2020-02-06,2790,2880,2750,2840,240716
2020-02-07,2840,3095,2770,3000,510898
2020-02-10,3015,3580,3015,3240,3138011
2020-02-11,3205,3430,3030,3345,1794575
2020-02-12,3295,3420,3230,3350,590467
2020-02-13,3290,3395,3190,3355,453059
2020-02-14,3350,3420,3250,3370,407697
2020-02-17,3465,3510,3320,3405,358390
2020-02-18,3400,3490,2630,2700,3991459
2020-02-19,2700,2935,2475,2720,2550833
2020-02-20,2670,2770,2000,2200,3119104
2020-02-21,2110,2305,2025,2060,1383785
2020-02-24,2040,2040,1600,1630,1289705
2020-02-25,1590,1890,1550,1745,1900030
2020-02-26,1650,1715,1650,1695,356400
2020-02-27,1735,1755,1610,1610,364975
2020-02-28,1545,1545,1390,1480,634647
2020-03-02,1530,1595,1425,1570,456270
2020-03-03,1585,1665,1585,1635,300548
2020-03-04,1620,1650,1595,1625,211484
2020-03-05,1630,1635,1550,1585,303364
2020-03-06,1555,1570,1525,1545,165448
2020-03-09,1515,1520,1460,1470,168881
2020-03-10,1430,1475,1390,1470,288488
2020-03-11,1470,1520,1400,1400,186384
2020-03-12,1390,1395,1200,1270,444177
2020-03-13,1145,1195,901,969,968966
2020-03-16,1030,1070,961,970,411866
2020-03-17,900,946,880,895,403898
2020-03-18,891,924,846,870,645181
2020-03-19,850,871,627,629,536840
2020-03-20,649,670,623,641,311497
2020-03-23,590,605,460,515,418244
2020-03-24,500,549,474,491,1028313
2020-03-25,516,535,504,521,618459
2020-03-26,540,677,535,677,884606
2020-03-27,850,880,781,880,1553850
2020-03-30,881,1130,881,1010,4355419
2020-03-31,1100,1125,988,1030,1547696
2020-04-01,995,1085,990,999,1128509
2020-04-02,999,1050,980,1000,523205
2020-04-03,1005,1060,969,976,716162
2020-04-06,985,985,930,954,696250
2020-04-07,961,1240,945,1155,3154639
2020-04-08,1210,1500,1170,1500,3928366
2020-04-09,1710,1850,1545,1570,3382540
2020-04-10,1600,1760,1365,1605,2938536
2020-04-13,1630,1750,1470,1650,1730581
2020-04-14,1645,1690,1540,1545,679722
2020-04-16,1545,1555,1410,1495,307832
2020-04-17,1470,1530,1430,1475,453384
2020-04-20,1480,1625,1410,1550,909491
2020-04-21,1585,1620,1430,1575,995752
2020-04-22,1500,1510,1300,1445,1829184
2020-04-23,1440,1440,1015,1015,5920615
2020-04-24,950,1015,923,948,5097281
2020-04-27,945,945,890,900,2352809
2020-04-28,916,940,882,889,1829511
2020-04-29,886,960,876,883,2648110
2020-05-04,891,914,882,888,884661
2020-05-06,890,935,888,918,893836
2020-05-07,918,928,900,915,579453
2020-05-08,916,979,900,922,1754134
2020-05-11,930,935,905,912,684992
2020-05-12,912,925,882,895,830894
2020-05-13,894,897,875,883,587793
2020-05-14,883,894,865,886,670755
2020-05-15,888,915,880,889,869978
2020-05-18,974,1125,916,1040,7847904
2020-05-19,1095,1100,948,971,3311056
2020-05-20,965,969,941,946,999724
2020-05-21,955,955,907,909,1383018
2020-05-22,909,910,870,876,1249156
2020-05-25,877,914,873,887,663216
2020-05-26,889,900,878,894,628841
2020-05-27,895,895,880,885,376875
2020-05-28,885,901,882,895,509203
2020-05-29,894,901,882,890,365639
2020-06-01,890,895,882,887,286631
2020-06-02,887,896,880,896,436454
2020-06-03,904,904,877,882,346196
2020-06-04,882,882,859,873,731707
2020-06-05,875,889,856,887,297848
2020-06-08,900,907,880,904,577852
2020-06-09,905,912,893,895,417127
2020-06-10,893,901,885,899,269259
2020-06-11,902,939,899,911,1314763
2020-06-12,871,895,847,847,1196208
2020-06-15,850,851,771,772,735181
2020-06-16,781,825,778,819,381098
2020-06-17,809,828,796,822,401498
2020-06-18,813,830,810,818,161064
2020-06-19,830,870,816,831,323044
2020-06-22,831,856,818,828,387479
2020-06-23,843,843,806,817,229164
2020-06-24,817,822,807,812,188721
2020-06-25,796,812,788,794,143224
2020-06-26,803,803,786,792,161579
2020-06-29,779,796,765,766,188314
2020-06-30,779,780,752,774,281413
2020-07-01,774,784,763,774,143922
2020-07-02,780,780,756,775,98262
2020-07-03,791,820,775,820,481140
2020-07-06,853,853,803,812,197056
2020-07-07,829,829,803,816,182074
2020-07-08,811,811,759,765,913576
2020-07-09,765,827,764,807,984220
2020-07-10,807,810,782,803,260256
2020-07-13,801,816,792,803,322895
2020-07-14,803,808,787,800,201697
2020-07-15,797,819,791,817,382801
2020-07-16,826,826,801,824,250858
2020-07-17,824,837,810,837,359738
2020-07-20,853,915,839,885,1316510
2020-07-21,898,905,872,885,402974
2020-07-22,888,920,884,900,828400
2020-07-23,900,908,864,885,544900
2020-07-24,0,0,0,885,0
2020-07-27,868,875,832,870,321808
2020-07-28,875,901,852,880,408522
2020-07-29,870,900,867,894,150277
2020-07-30,876,900,868,868,250592
2020-07-31,868,873,854,859,146048
2020-08-03,851,856,832,841,232530
2020-08-04,858,904,830,894,343790
2020-08-05,904,904,867,872,199221
2020-08-06,876,910,860,903,506286
2020-08-07,903,910,895,905,204756
2020-08-10,910,910,875,879,203015
2020-08-11,871,900,870,885,288041
2020-08-12,885,894,853,854,207776
2020-08-13,890,928,868,900,663888
2020-08-14,929,1020,880,921,4291915
2020-08-18,924,968,863,864,2243253
2020-08-19,879,880,829,858,458980
2020-08-20,850,850,790,793,727202
2020-08-21,800,809,790,798,163695
2020-08-24,806,820,791,800,151522
2020-08-25,805,825,791,802,225774
2020-08-26,803,814,797,804,205924
2020-08-27,819,830,798,804,286132
2020-08-28,795,802,782,783,440187
2020-08-31,780,927,769,824,1300442
2020-09-01,824,824,797,797,357498
2020-09-02,801,813,792,796,381647
2020-09-03,799,813,791,803,186463
2020-09-04,801,801,773,792,189028
2020-09-07,792,793,776,782,327839
2020-09-08,780,784,774,775,228870
2020-09-09,772,777,761,770,193651
2020-09-10,775,809,772,806,599297
2020-09-11,803,965,803,854,4177657
2020-09-14,864,926,855,923,1328708
2020-09-15,959,959,891,901,713860
2020-09-16,901,901,882,890,316292
2020-09-17,898,926,882,894,406784
2020-09-18,894,903,879,891,219195
2020-09-21,891,898,864,875,211730
2020-09-22,850,874,820,829,468496
2020-09-23,848,884,812,854,351154
2020-09-24,854,1030,850,970,5747087
2020-09-25,961,968,863,924,1787440
2020-09-28,930,966,907,943,1024995
2020-09-29,943,963,900,946,1119041
2020-10-05,964,1200,950,1190,5089928
2020-10-06,1180,1445,1080,1350,7224599
2020-10-07,1365,1695,1350,1545,12565469
2020-10-08,1575,1755,1455,1590,7424719
2020-10-12,1570,1570,1515,1535,923112
2020-10-13,1510,1580,1440,1575,1316305
2020-10-14,1635,1760,1635,1760,1849600
2020-10-15,1760,1760,1560,1610,2460597
2020-10-16,1495,1585,1360,1560,4042012
2020-10-19,1625,1780,1565,1700,2996342
2020-10-20,1700,1865,1620,1660,2139457
2020-10-21,1665,1695,1570,1610,874247
2020-10-22,1570,1580,1480,1500,1133584
2020-10-23,1500,1580,1395,1540,1059456
2020-10-26,1600,1630,1550,1580,930162
2020-10-27,1575,1575,1515,1570,601776
